DE Ref,Name,Phase,District,District Inspector
1010012,Belmont Primary School,Primary,BSE1,Cathy Buhac
1010063,Currie Primary School,Primary,BSE3,Julie Harris
1010146,Euston Street Primary School,Primary,BSE1,Cathy Buhac
1010157,Rosetta Primary School,Primary,BSE1,Cathy Buhac
1010205,Forth River Primary School,Primary,BSE2,Elaine McAllister
1010221,Springfield Primary School,Primary,BSE2,Elaine McAllister
1010252,Strandtown Primary School,Primary,BSE1,Cathy Buhac
1010255,Elmgrove Primary School,Primary,BSE1,Cathy Buhac
1010266,"Seaview Primary School, Belfast",Primary,BSE3,Julie Harris
1010267,Nettlefield Primary School,Primary,BSE1,Cathy Buhac
1010273,Orangefield Primary School,Primary,BSE1,Cathy Buhac
1010282,Carr's Glen Primary School,Primary,BSE3,Julie Harris
1010301,Taughmonagh Primary School,Primary,BSE3,Julie Harris
1010304,Greenwood Primary School,Primary,BSE1,Cathy Buhac
1010307,Springhill Primary School,Primary,BSE2,Elaine McAllister
1010323,Edenbrooke Primary School,Primary,BSE2,Elaine McAllister
1010324,Stranmillis Primary School,Primary,BSE3,Julie Harris
1010325,Ligoniel Primary School,Primary,BSE3,Julie Harris
1010806,Finaghy Primary School,Primary,BSE2,Elaine McAllister
1010831,Cavehill Primary School,Primary,BSE3,Julie Harris
1013018,Knocknagoney Primary School,Primary,BSE1,Cathy Buhac
1016059,Blackmountain Primary School,Primary,BSE2,Elaine McAllister
1016060,Donegall Road Primary School,Primary,BSE1,Cathy Buhac
1016076,Ballysillan Primary School,Primary,BSE3,Julie Harris
1016205,Fane Street Primary School,Primary,BSE1,Cathy Buhac
1016207,Blythefield Primary School,Primary,BSE1,Cathy Buhac
1016242,Dundela Infants School,Primary,BSE1,Cathy Buhac
1016485,Glenwood Primary School,Primary,BSE2,Elaine McAllister
1016498,Malvern Primary School,Primary,BSE2,Elaine McAllister
1016499,Botanic Primary School,Primary,BSE1,Cathy Buhac
1016532,Wheatfield Primary School,Primary,BSE3,Julie Harris
1016537,Lowwood Primary School,Primary,BSE3,Julie Harris
1016604,"Harmony Primary School, Belfast",Primary,BSE2,Elaine McAllister
1016647,Bunscoil Mhic Reachtain,Primary,BSE3,Julie Harris
1016655,Victoria Park Primary School,Primary,BSE1,Cathy Buhac
1030194,"Holy Cross Boys' Primary School, Belfast",Primary,BSE3,Julie Harris
1030313,"Our Lady of Lourdes Primary School, Belfast",Primary,BSE3,Julie Harris
1030327,Holy Rosary Primary School,Primary,BSE1,Cathy Buhac
1030331,"Holy Cross Girls' Primary School, Belfast",Primary,BSE3,Julie Harris
1030868,"St Anne's Primary School, Belfast",Primary,BSE2,Elaine McAllister
1036041,Mercy Primary School,Primary,BSE3,Julie Harris
1036042,St Vincent De Paul Primary School,Primary,BSE3,Julie Harris
1036048,St Mary's Star of the Sea Primary School,Primary,BSE3,Julie Harris
1036075,St Bride's Primary School,Primary,BSE1,Cathy Buhac
1036132,St Therese of Lisieux Primary School,Primary,BSE3,Julie Harris
1036140,"St Michael's Primary School, Belfast",Primary,BSE1,Cathy Buhac
1036246,"St Joseph's Primary School, Holland Drive",Primary,BSE1,Cathy Buhac
1036388,"St Mary's Primary School, Divis St",Primary,BSE2,Elaine McAllister
1036466,"St Malachy's Primary School, Belfast",Primary,BSE1,Cathy Buhac
1036505,"St Matthew's Primary School, Belfast",Primary,BSE1,Cathy Buhac
1036565,St Kevin's Primary School,Primary,BSE2,Elaine McAllister
1036566,"Holy Family Primary School, Belfast",Primary,BSE3,Julie Harris
1036576,"Holy Child Primary School, Belfast",Primary,BSE2,Elaine McAllister
1036589,"St Teresa's Primary School, Belfast",Primary,BSE2,Elaine McAllister
1036602,"St Oliver Plunkett Primary School, Belfast",Primary,BSE2,Elaine McAllister
1036620,"St Peter's Primary School, Belfast",Primary,BSE2,Elaine McAllister
1036621,"St Joseph's Primary School, Slate Street",Primary,BSE2,Elaine McAllister
1036623,"Holy Trinity Primary School, Belfast",Primary,BSE2,Elaine McAllister
1036624,"St Paul's Primary School, Belfast",Primary,BSE2,Elaine McAllister
1036630,"St Clare's Primary School, Belfast",Primary,BSE2,Elaine McAllister
1036688,"St John The Baptist Primary School, Belfast",Primary,BSE2,Elaine McAllister
1036697,John Paul II Primary School,Primary,BSE2,Elaine McAllister
1036698,"St Patrick's Primary School, Churchill St",Primary,BSE3,Julie Harris
1036715,"St Columban's Primary School, Belfast",Primary,BSE3,Julie Harris
1046501,Bunscoil Phobal Feirste,Primary,BSE2,Elaine McAllister
1046571,Gaelscoil Na Bhfal,Primary,BSE2,Elaine McAllister
1046593,Bunscoil An Tsleibhe Dhuibh,Primary,BSE2,Elaine McAllister
1046596,Bunscoil Bheann Mhadagain,Primary,BSE3,Julie Harris
1046641,Scoil An Droichid,Primary,BSE1,Cathy Buhac
1046671,Gaelscoil na Mona,Primary,BSE4,Jill Garland
1046672,Gaelscoil an Lonnain,Primary,BSE4,Jill Garland
1050232,Harding Memorial Primary School,Primary,BSE1,Cathy Buhac
1056483,Cliftonville Integrated Primary School,Primary,BSE3,Julie Harris
1056535,Forge Integrated Primary School,Primary,BSE1,Cathy Buhac
1066531,Hazelwood Primary School,Primary,BSE3,Julie Harris
1066580,Cranmore Integrated Primary School,Primary,BSE1,Cathy Buhac
1110001,Arellian Nursery School,Nursery,BSE1,Mairead Leonard
1110002,McArthur Nursery School,Nursery,BSE1,Mairead Leonard
1110003,"Edenderry Nursery School, Belfast",Nursery,BSE2,Maire Gorman
1110025,Tudor Lodge Nursery School,Nursery,BSE2,Maire Gorman
1110036,New Lodge Nursery School,Nursery,BSE3,Mairead Leonard
1110038,Shaftesbury Nursery School,Nursery,BSE2,Maire Gorman
1116011,Victoria Nursery School,Nursery,BSE3,Mairead Leonard
1116074,Glendhu Nursery School,Nursery,BSE1,Mairead Leonard
1116155,Hope Nursery School,Nursery,BSE2,Maire Gorman
1116157,Stanhope Street Nursery School,Nursery,BSE3,Mairead Leonard
1116158,Ravenscroft Nursery School,Nursery,BSE1,Mairead Leonard
1116159,Oldpark Nursery School,Nursery,BSE3,Mairead Leonard
1116160,Sandbrook Nursery School,Nursery,BSE1,Mairead Leonard
1130027,Bethlehem Nursery School,Nursery,BSE1,Mairead Leonard
1136106,St Martin's Nursery School,Nursery,BSE2,Maire Gorman
1136228,St Bernadette's Nursery School,Nursery,BSE2,Maire Gorman
1136229,St Mary's Nursery School,Nursery,BSE3,Mairead Leonard
1136251,Our Lady's Nursery School,Nursery,BSE3,Mairead Leonard
1136289,Holy Rosary Nursery School,Nursery,BSE1,Mairead Leonard
1136314,St Teresa's Nursery School,Nursery,BSE2,Maire Gorman
1136315,St Michael's Nursery School,Nursery,BSE2,Maire Gorman
1136316,Holy Child Nursery School,Nursery,BSE2,Maire Gorman
1136340,St Peter's Nursery School,Nursery,BSE2,Maire Gorman
1136349,Matt Talbot Nursery School,Nursery,BSE2,Maire Gorman
1136353,St Maria Goretti Nursery School,Nursery,BSE2,Maire Gorman
1136360,Holy Cross Nursery School,Nursery,BSE3,Mairead Leonard
1136383,St Oliver Plunkett Nursery School,Nursery,BSE2,Maire Gorman
1136603,The Cathedral Nursery School,Nursery,BSE2,Maire Gorman
1150028,Brefne Nursery School,Nursery,BSE3,Mairead Leonard
1210014,Ashfield Girls' High School,Post-primary,BSE1,Cathy Buhac
1210015,Ashfield Boys' High School,Post-primary,BSE1,Cathy Buhac
1210021,Belfast Model School For Girls,Post-primary,BSE3,Julie Harris
1210022,Belfast Boys' Model School,Post-primary,BSE3,Julie Harris
1230053,St Louise's Comprehensive College,Post-primary,BSE1,Cathy Buhac
1230104,Mercy College,Post-primary,BSE3,Julie Harris
1230155,St Genevieve's High School,Post-primary,BSE1,Cathy Buhac
1230182,De La Salle College,Post-primary,BSE1,Cathy Buhac
1230275,"St Joseph's College, Belfast",Post-primary,BSE2,Wendy Crawford
1230321,Blessed Trinity College ,Post-primary,BSE3,Julie Harris
1230324,All Saints College,Post-primary,BSE2,Wendy Crawford
1240291,Colaiste Feirste,Post-primary,BSE3,Julie Harris
1260269,Hazelwood College,Post-primary,BSE3,Julie Harris
1260294,Malone Integrated College,Post-primary,BSE2,Wendy Crawford
1310003,Cedar Lodge Special School,Special,BSE3,Julie Harris
1310012,Fleming Fulton Special School,Special,BSE2,Wendy Crawford
1310014,Harberton Special School,Special,BSE2,Wendy Crawford
1310016,Mitchell House Special School,Special,BSE1,Cathy Buhac
1310017,Greenwood House Assessment Centre,Special,BSE1,Cathy Buhac
1316500,Park Education Resource Centre,Special,BSE1,Cathy Buhac
1316560,Belfast Hospital School (inc TOPS),Special,BSE3,Julie Harris
1316569,Glenveagh Special School,Special,BSE2,Wendy Crawford
1316582,Oakwood School and Assessment Centre,Special,BSE2,Wendy Crawford
1316584,Clarawood Special School,Special,BSE1,Cathy Buhac
1336548,St Gerard’s Education Resource Centre,Special,BSE3,Julie Harris
1316696,Deanby Centre Special School (new school),Special,BSE3,Julie Harris
1410079,Grosvenor Grammar School,Post-primary,BSE1,Cathy Buhac
1410270,Wellington College,Post-primary,BSE2,Wendy Crawford
1410315,Bloomfield Collegiate,Post-primary,BSE2,Wendy Crawford
1420020,Campbell College,Post-primary,BSE1,Cathy Buhac
1420021,"St Mary's Christian Brothers' Grammar, Belfast",Post-primary,BSE2,Wendy Crawford
1420022,Methodist College,Post-primary,BSE2,Wendy Crawford
1420027,The Royal Belfast Academical Institution,Post-primary,BSE3,Julie Harris
1420028,Belfast Royal Academy,Post-primary,BSE3,Julie Harris
1420029,"St Dominic's High School, Belfast",Post-primary,BSE2,Wendy Crawford
1420030,"St Malachy's College, Belfast",Post-primary,BSE3,Julie Harris
1420082,"Dominican College, Belfast",Post-primary,BSE3,Julie Harris
1420089,"Strathearn School, Belfast",Post-primary,BSE1,Cathy Buhac
1420095,Rathmore Grammar School,Post-primary,BSE2,Wendy Crawford
1420264,Victoria College,Post-primary,BSE2,Wendy Crawford
1420265,Hunterhouse College,Post-primary,BSE2,Wendy Crawford
1420277,Aquinas Diocesan Grammar School,Post-primary,BSE1,Cathy Buhac
1620020,Campbell College Junior School,Prep,BSE1,Cathy Buhac
1620022,Fullerton House Preparatory School,Prep,BSE1,Cathy Buhac
1620027,Inchmarlo,Prep,BSE3,Julie Harris
1620028,Ben Madigan Preparatory School,Prep,BSE3,Julie Harris
1620089,Strathearn Prep Dept,Prep,BSE1,Cathy Buhac
1620264,Victoria College Preparatory School,Prep,BSE1,Cathy Buhac
2010380,Londonderry Model Primary School,Primary,N6,Susan Haughey
2010382,Ebrington Controlled Primary School,Primary,N6,Susan Haughey
2011787,Kesh Primary School,Primary,SW8,Mairead Leonard
2011789,Moat Primary School,Primary,SW5,Aisling Clerkin
2011860,Belleek Primary School,Primary,SW5,Aisling Clerkin
2011873,Aghadrumsee Primary School,Primary,SW5,Aisling Clerkin
2011879,Newtownbutler Primary School,Primary,SW5,Aisling Clerkin
2011881,Florencecourt Primary School,Primary,SW5,Aisling Clerkin
2011893,Ballinamallard Primary School,Primary,SW8,Mairead Leonard
2011894,Brookeborough Primary School,Primary,SW5,Aisling Clerkin
2011899,Derrygonnelly Primary School,Primary,SW5,Aisling Clerkin
2012052,Culmore Primary School,Primary,N6,Susan Haughey
2012095,Ballougry Primary School,Primary,N6,Susan Haughey
2012227,Drumahoe Primary School,Primary,N7,Deirdre Nic Suibhne
2012245,Eglinton Primary School,Primary,N7,Deirdre Nic Suibhne
2012261,Newbuildings Primary School,Primary,N6,Susan Haughey
2012298,Ballykelly Primary School,Primary,N1,John McCusker
2012344,McClintock Primary School,Primary,SW7,Seán Fearon
2012638,Edwards Primary School,Primary,N3,Gearoid Rafferty
2012641,Killen Primary School,Primary,N3,Gearoid Rafferty
2012660,Denamona Primary School,Primary,SW7,Seán Fearon
2012669,"Queen Elizabeth II Primary School, Omagh",Primary,SW8,Mairead Leonard
2012671,Langfield Primary School,Primary,SW8,Mairead Leonard
2012691,Omagh County Primary School,Primary,SW7,Seán Fearon
2012707,Dromore Primary School,Primary,SW8,Mairead Leonard
2012708,Strabane Controlled Primary School,Primary,N6,Susan Haughey
2012711,Donemana Primary School,Primary,N7,Deirdre Nic Suibhne
2016003,Jones Memorial Primary School,Primary,SW5,Aisling Clerkin
2016029,Drumachose Primary School,Primary,N7,Deirdre Nic Suibhne
2016068,Artigarvan Primary School,Primary,N7,Deirdre Nic Suibhne
2016071,Greenhaw Primary School,Primary,N6,Susan Haughey
2016089,Gibson Primary School,Primary,SW7,Seán Fearon
2016102,Tempo Primary School,Primary,SW5,Aisling Clerkin
2016124,Ashlea Primary,Primary,N7,Deirdre Nic Suibhne
2016127,Maguiresbridge Primary School,Primary,SW5,Aisling Clerkin
2016151,Irvinestown Primary School,Primary,SW8,Mairead Leonard
2016152,Enniskillen Model Primary School,Primary,SW5,Aisling Clerkin
2016203,Lisnagelvin Primary School,Primary,N6,Susan Haughey
2016218,Lisbellaw Primary School,Primary,SW5,Aisling Clerkin
2016262,Newtownstewart Model Primary School,Primary,N7,Deirdre Nic Suibhne
2016372,Cumber Claudy Primary School,Primary,N7,Deirdre Nic Suibhne
2016395,Gortin Primary School,Primary,SW7,Seán Fearon
2016426,Limavady Central Primary School,Primary,N7,Deirdre Nic Suibhne
2016564,Fountain Primary School,Primary,N6,Susan Haughey
2016645,Bready Jubilee Primary School,Primary,N7,Deirdre Nic Suibhne
2016656,Drumrane Primary School,Primary,N7,Deirdre Nic Suibhne
2016663,Cooley Primary School,Primary,SW7,Seán Fearon
2016700,Gaelscoil Neachtain,Primary,N7,Deirdre Nic Suibhne
2016701,Ardstraw Jubilee Primary School,Primary,N7,Deirdre Nic Suibhne
2030364,Rosemount Primary School,Primary,N6,Susan Haughey
2030373,Nazareth House Primary School,Primary,N6,Susan Haughey
2030381,"Holy Child Primary School, Londonderry",Primary,N6,Susan Haughey
2031828,"St Patrick's Primary School, Mullanaskea",Primary,SW5,Aisling Clerkin
2031863,Tattygar Primary School,Primary,SW5,Aisling Clerkin
2031868,"St Tierney's Primary School, Roslea",Primary,SW5,Aisling Clerkin
2031869,"St Mary's Primary School, Newtownbutler",Primary,SW5,Aisling Clerkin
2031874,"St Patrick's Primary School, Derrygonnelly",Primary,SW5,Aisling Clerkin
2031876,"St Mary's Primary School, Brookeborough",Primary,SW5,Aisling Clerkin
2031880,"St Ninnidh's Primary School, Derrylin",Primary,SW5,Aisling Clerkin
2031884,"St Mary's Primary School, Killesher",Primary,SW5,Aisling Clerkin
2031890,"St Mary's Primary School, Mullymesker",Primary,SW5,Aisling Clerkin
2031895,"St Mary's Primary School, Maguiresbridge",Primary,SW5,Aisling Clerkin
2031897,Killyhommon Primary School,Primary,SW5,Aisling Clerkin
2031898,"St Paul's Primary School, Irvinestown",Primary,SW8,Mairead Leonard
2031901,"St Ronan's Primary School, Lisnaskea",Primary,SW5,Aisling Clerkin
2032212,Glendermott Primary School,Primary,N7,Deirdre Nic Suibhne
2032263,"St Canice's Primary School, Feeny",Primary,N7,Deirdre Nic Suibhne
2032278,Broadbridge Primary School,Primary,N7,Deirdre Nic Suibhne
2032286,"St Matthew's Primary School, Limavady",Primary,N7,Deirdre Nic Suibhne
2032287,Termoncanice Primary School,Primary,N7,Deirdre Nic Suibhne
2032294,"St Mary's Primary School, Altinure",Primary,N7,Deirdre Nic Suibhne
2032573,"St Brigid's Primary School, Altamuskin",Primary,SW7,Seán Fearon
2032603,Tummery Primary School,Primary,SW8,Mairead Leonard
2032607,"St Mary's Primary School, Killyclogher",Primary,SW7,Seán Fearon
2032628,Knocknagor Primary School,Primary,SW8,Mairead Leonard
2032662,"St Brigid's Primary School, Mountfield",Primary,SW7,Seán Fearon
2032676,"St Patrick's Primary School, Gortin",Primary,SW7,Seán Fearon
2032682,"St Eugene's Primary School, Victoria Bridge",Primary,N6,Susan Haughey
2032684,St Lawrence's Primary School,Primary,SW7,Seán Fearon
2032685,"St Brigid's Primary School, Cranagh",Primary,N7,Deirdre Nic Suibhne
2032694,St Caireall's Primary School,Primary,N3,Gearoid Rafferty
2032700,"St Joseph's Primary School, Drumquin",Primary,SW7,Seán Fearon
2032704,St Ronan's Recarson Primary School ,Primary,SW7,Seán Fearon
2032705,"St Patrick's Primary School, Eskra",Primary,SW7,Seán Fearon
2032721,"Sacred Heart Primary School, Tattyreagh",Primary,SW7,Seán Fearon
2032723,Roscavey Primary School,Primary,SW7,Seán Fearon
2032730,"St Columba's Primary School, Clady",Primary,N6,Susan Haughey
2032731,"St Teresa's Primary School, Loughmacrory",Primary,SW7,Seán Fearon
2032737,"St Colmcille's Primary School, Carrickmore",Primary,SW7,Seán Fearon
2033706,Faughanvale Primary School,Primary,N7,Deirdre Nic Suibhne
2033708,St Aidan's Primary School Magilligan,Primary,N1,John McCusker
2036008,"St Patrick's Primary School, Newtownstewart",Primary,N7,Deirdre Nic Suibhne
2036032,"St John's Primary School, Bligh's Lane",Primary,N6,Susan Haughey
2036045,"St Canice Primary School & Nursery Unit, Dungiven",Primary,N7,Deirdre Nic Suibhne
2036069,"St Anne's Primary School, Derry",Primary,N6,Susan Haughey
2036070,"St Joseph's Primary School, Ederney",Primary,SW8,Mairead Leonard
2036082,"St Colmcilles Primary School, Claudy",Primary,N7,Deirdre Nic Suibhne
2036084,Steelstown Primary School,Primary,N6,Susan Haughey
2036085,St Peter's & St Paul's Primary School,Primary,N7,Deirdre Nic Suibhne
2036090,"St Naile's Primary School, Kinawley",Primary,SW5,Aisling Clerkin
2036094,"St Patrick's Primary School, Castlederg",Primary,N3,Gearoid Rafferty
2036095,"St Mary's Primary School, Cloughcor",Primary,N7,Deirdre Nic Suibhne
2036097,"St Peter's Primary School, Plumbridge",Primary,N7,Deirdre Nic Suibhne
2036105,St Martin's Primary School,Primary,SW5,Aisling Clerkin
2036107,"St Joseph's Primary School, Lisnaskea",Primary,SW5,Aisling Clerkin
2036116,"St Conor's Primary School, Omagh",Primary,SW7,Seán Fearon
2036142,"St Brigid's Primary School, Carnhill",Primary,N6,Susan Haughey
2036143,"St Oliver Plunkett Primary School, Strathfoyle",Primary,N6,Susan Haughey
2036149,"St Finlough's Primary School, Sistrakeel",Primary,N1,John McCusker
2036153,St Scire's Primary School,Primary,SW7,Seán Fearon
2036181,"St Mary's Primary School, Teemore",Primary,SW5,Aisling Clerkin
2036186,"St Dympna's Primary School, Dromore,",Primary,SW7,Seán Fearon
2036187,"St John's Primary School, Dernaflaw",Primary,N7,Deirdre Nic Suibhne
2036213,"St Columban's Primary School, Belcoo",Primary,SW5,Aisling Clerkin
2036227,"St Paul's Primary School, Slievemore",Primary,N6,Susan Haughey
2036247,"St Columba's Primary School, Newbuildings",Primary,N6,Susan Haughey
2036258,"St Davog's Primary School, Belleek",Primary,SW5,Aisling Clerkin
2036259,"Sacred Heart Primary School, Trench Road",Primary,N6,Susan Haughey
2036288,Good Shepherd Primary School,Primary,N6,Susan Haughey
2036291,"St Oliver Plunkett Primary School, Beragh",Primary,SW7,Seán Fearon
2036356,"St Mary's Primary School, Tempo",Primary,SW5,Aisling Clerkin
2036415,"Our Lady of Lourdes Primary School, Omagh",Primary,SW7,Seán Fearon
2036449,"Christ The King Primary School, Omagh",Primary,SW7,Seán Fearon
2036458,"St Mary’s Primary School, Gortnaghey",Primary,N7,Deirdre Nic Suibhne
2036459,"St Theresa's Primary School, Glebe",Primary,N6,Susan Haughey
2036461,"St Therese's Primary School, Lenamore",Primary,N6,Susan Haughey
2036465,Chapel Road Primary School,Primary,N6,Susan Haughey
2036472,"Holy Family Primary School, Ballymagroarty",Primary,N6,Susan Haughey
2036473,"St Eithne's Primary School, Ballymagroarty",Primary,N6,Susan Haughey
2036475,Longtower Primary School,Primary,N6,Susan Haughey
2036533,Hollybush Primary School,Primary,N6,Susan Haughey
2036555,"St Eugene's Primary School, Londonderry",Primary,N6,Susan Haughey
2036557,All Saints Primary School,Primary,SW7,Seán Fearon
2036574,Bunscoil Cholmcille,Primary,N6,Susan Haughey
2036581,"St Patrick's Primary School, Pennyburn",Primary,N6,Susan Haughey
2036632,"Holy Trinity Primary School, Enniskillen",Primary,SW5,Aisling Clerkin
2036659,"St Macartan's Primary School, Roslea",Primary,SW5,Aisling Clerkin
2036674,"Holy Family Primary School, Omagh",Primary,SW7,Seán Fearon
2036696,"St Mary's Primary School, Strabane",Primary,N6,Susan Haughey
2036703,St Catherine’s Primary School,Primary,N6,Susan Haughey
2036711,Our Lady of Fatima Primary School,Primary,N7,Deirdre Nic Suibhne
2036712,"St Michael’s Primary School, Dunamanagh",Primary,N7,Deirdre Nic Suibhne
2046638,Gaelscoil Uí Dhochartaigh,Primary,N6,Susan Haughey
2046646,Gaelscoil Eadain Mhoir,Primary,N6,Susan Haughey
2046669,Bunscoil an Traonaigh,Primary,SW5,Aisling Clerkin
2046677,Gaelscoil na gCrann,Primary,SW7,Seán Fearon
2046687,Gaelscoil na Daroige,Primary,N6,Susan Haughey
2046689,Gaelscoil Leim an Mhadaidh,Primary,N1,John McCusker
2056442,Sion Mills Primary School,Primary,N6,Susan Haughey
2066549,Enniskillen Integrated Primary School,Primary,SW5,Aisling Clerkin
2066552,Omagh Integrated Primary School,Primary,SW7,Seán Fearon
2066558,Oakgrove Integrated Primary School,Primary,N6,Susan Haughey
2066665,Roe Valley Integrated Primary School,Primary,N7,Deirdre Nic Suibhne
2116023,The Academy Nursery School,Nursery,N6,Ann Woods
2116232,Strathfoyle Nursery School,Nursery,N6,Ann Woods
2116233,Lisnagelvin Nursery School,Nursery,N6,Ann Woods
2116265,Omagh North Nursery School,Nursery,SW7,Aisling Clerkin
2116266,Bligh's Lane Nursery School,Nursery,N6,Ann Woods
2116267,Carnhill Nursery School,Nursery,N6,Ann Woods
2116336,Galliagh Nursery School,Nursery,N6,Ann Woods
2116345,Belmont Nursery School,Nursery,N6,Ann Woods
2116348,Trench Road Nursery School,Nursery,N6,Ann Woods
2116608,Enniskillen Nursery,Nursery,SW5,Aisling Clerkin
2116628,Limavady Nursery School,Nursery,N7,Ann Woods
2210065,Castlederg High School,Post-primary,N4,Fionnuala McCann
2210125,Omagh High School,Post-primary,SW7,Karen McLaughlin
2210302,Limavady High School,Post-primary,N7,John Murray
2210306,Lisneal College,Post-primary,N7,John Murray
2210312,Devenish College,Post-primary,SW5,Seán Fearon
2230077,"St Mary's High School, Limavady",Post-primary,N7,John Murray
2230081,"St Mary's College, Londonderry",Post-primary,N6,Jim McNulty
2230099,St Fanchea's College,Post-primary,SW5,Seán Fearon
2230100,"St Joseph's College, Enniskillen",Post-primary,SW5,Seán Fearon
2230109,"St Mary's Secondary School, Irvinestown",Post-primary,SW5,Seán Fearon
2230122,St Patricks & St Brigids High School,Post-primary,N7,John Murray
2230131,"St Joseph's Secondary School, Londonderry",Post-primary,N6,Jim McNulty
2230138,Dean Maguirc College,Post-primary,SW7,Karen McLaughlin
2230144,"St Patrick's College, Dungiven",Post-primary,N7,John Murray
2230148,St John's College,Post-primary,SW7,Karen McLaughlin
2230166,St Aidan's High School,Post-primary,SW5,Seán Fearon
2230188,St Cecilia's College,Post-primary,N6,Jim McNulty
2230225,"St Brigid's College, Carnhill",Post-primary,N6,Jim McNulty
2230298,"Sacred Heart College, Omagh",Post-primary,SW7,Karen McLaughlin
2230301,Holy Cross College,Post-primary,N7,John Murray
2230322,St Kevin's College,Post-primary,SW5,Seán Fearon
2240319,Gaelcholáiste Dhoire ,Post-primary,N7,John Murray
2260276,Oakgrove Integrated College,Post-primary,N7,John Murray
2260280,Erne Integrated College,Post-primary,SW5,Seán Fearon
2260283,Drumragh Integrated College,Post-primary,SW7,Karen McLaughlin
2316528,Knockavoe School and Resource Centre,Special,N4,Fionnuala McCann
2316661,Arvalee School and Resource Centre,Special,SW7,Karen McLaughlin
2316662,Rossmar Special School,Special,N7,John Murray
2316694,Willowbridge School,Special,SW5,Seán Fearon
2316695,Ardnashee School,Special,N6,Jim McNulty
2410048,Limavady Grammar School,Post-primary,N7,John Murray
2410066,Omagh Academy,Post-primary,SW7,Karen McLaughlin
2410311,Strabane Academy,Post-primary,N4,Fionnuala McCann
2420041,Mount Lourdes Grammar School,Post-primary,SW5,Seán Fearon
2420043,"St Michael's College, Enniskillen",Post-primary,SW5,Seán Fearon
2420052,Thornhill College,Post-primary,N6,Jim McNulty
2420054,"St Columb's College, Londonderry",Post-primary,N6,Jim McNulty
2420064,"Christian Brothers' Grammar School, Omagh",Post-primary,SW7,Karen McLaughlin
2420065,Loreto Grammar School,Post-primary,SW7,Karen McLaughlin
2420229,Foyle College,Post-primary,N6,Jim McNulty
2420287,Lumen Christi College,Post-primary,N6,Jim McNulty
2420320,Enniskillen Royal Grammar School,Post-primary,SW5,Seán Fearon
3010404,Tildarg Primary School ,Primary,N2,Gillian McEwen
3010486,Larne and Inver Primary School ,Primary,N4,Mark Keown
3010553,Carrickfergus Model Primary School ,Primary,N4,Mark Keown
3010558,Duneane Primary School,Primary,N5,Ann Woods
3010572,Carrowreagh Primary School ,Primary,N5,Ann Woods
3010594,Garryduff Primary School ,Primary,N2,Gillian McEwen
3010631,Ballyclare Primary School ,Primary,N2,Gillian McEwen
3010642,Parkgate Primary School ,Primary,N3,Gearoid Rafferty
3010646,Olderfleet Primary School ,Primary,N4,Mark Keown
3010696,Woodburn Primary School ,Primary,N4,Mark Keown
3010714,Buick Memorial Primary School ,Primary,N2,Gillian McEwen
3010726,Dunseverick Primary School ,Primary,N1,John McCusker
3010741,Creavery Primary School ,Primary,N5,Ann Woods
3010745,Loanends Primary School ,Primary,N3,Gearoid Rafferty
3010754,Doagh Primary School ,Primary,N3,Gearoid Rafferty
3010779,Thompson Primary School ,Primary,N3,Gearoid Rafferty
3010780,Kirkinriola Primary School (JMC)*,Primary,N2,John McCusker
3010781,Harryville Primary School ,Primary,N2,Gillian McEwen
3010785,Eden Primary School ,Primary,N4,Mark Keown
3010787,Lislagan Primary School ,Primary,N5,Ann Woods
3010794,Gracehill Primary School ,Primary,N2,Gillian McEwen
3010795,Landhead Primary School ,Primary,N5,Ann Woods
3010796,Eden Primary School ,Primary,N2,Gillian McEwen
3010802,Ballynure Primary School ,Primary,N3,Gearoid Rafferty
3010804,Straidbilly Primary School ,Primary,N5,Ann Woods
3010808,Glynn Primary School ,Primary,N4,Mark Keown
3010809,Ballycarry Primary School ,Primary,N4,Mark Keown
3010816,Randalstown Central Primary School ,Primary,N3,Gearoid Rafferty
3010817,Greenisland Primary School ,Primary,N4,Mark Keown
3010818,Moorfields Primary School ,Primary,N2,Gillian McEwen
3010822,Groggan Primary School ,Primary,N5,Ann Woods
3010825,Carnaghts Primary School ,Primary,N5,Ann Woods
3010826,The Diamond Primary School ,Primary,N2,Gillian McEwen
3010827,Whitehouse Primary School ,Primary,N4,Mark Keown
3010828,Kilbride Primary School ,Primary,N3,Gearoid Rafferty
3010829,Antrim Primary School ,Primary,N5,Ann Woods
3010834,Clough Primary School (JMC)*,Primary,N2,John McCusker
3010835,Kells & Connor Primary School ,Primary,N2,Gillian McEwen
3010842,The Wm Pinkerton Memorial Primary School ,Primary,N5,Ann Woods
3010846,Whiteabbey Primary School ,Primary,N4,Mark Keown
3010847,Portrush Primary School ,Primary,N1,John McCusker
3010860,Sunnylands Primary School ,Primary,N4,Mark Keown
3010862,Abbots Cross Primary School ,Primary,N4,Mark Keown
3010870,Moyle Primary School ,Primary,N4,Mark Keown
3010873,Bushmills Primary School ,Primary,N1,John McCusker
3010874,Whitehead Primary School ,Primary,N4,Mark Keown
3010875,Ballymena Primary School ,Primary,N2,Gillian McEwen
3010878,Kilmoyle Primary School ,Primary,N5,Ann Woods
3010880,King's Park Primary School ,Primary,N4,Mark Keown
3010883,Linn Primary School ,Primary,N4,Mark Keown
3010891,Fourtowns Primary School ,Primary,N5,Ann Woods
3010892,Ballytober Primary School ,Primary,N1,John McCusker
3010893,Knockahollet Primary School ,Primary,N2,Gillian McEwen
3010895,Rathcoole Primary School ,Primary,N4,Mark Keown
3012049,Carnalridge Primary School ,Primary,N1,John McCusker
3012065,Culcrow Primary School ,Primary,N1,John McCusker
3012225,Damhead Primary School ,Primary,N1,John McCusker
3012229,Hezlett Primary School ,Primary,N1,John McCusker
3012233,Tobermore Primary School ,Primary,SW3,Peter Dennis
3012234,Ampertaine Primary School ,Primary,SW3,Peter Dennis
3012237,Killowen Primary School ,Primary,N1,John McCusker
3012250,Portstewart Primary School ,Primary,N1,John McCusker
3012264,Millburn Primary School ,Primary,N1,John McCusker
3012267,Magherafelt Controlled Primary School ,Primary,SW3,Peter Dennis
3012269,Kilrea Primary School (GMK)*,Primary,N1,Gillian McEwen
3012284,D H Christie Memorial Primary School (GMK)*,Primary,N1,Gillian McEwen
3012288,Castleroe Primary School ,Primary,N1,John McCusker
3012290,Bellaghy Primary School ,Primary,SW3,Peter Dennis
3012291,Maghera Primary School ,Primary,SW3,Peter Dennis
3013301,Carnmoney Primary School ,Primary,N3,Gearoid Rafferty
3013310,Broughshane Primary School ,Primary,N2,Gillian McEwen
3013315,Ballykeel Primary School ,Primary,N2,Gillian McEwen
3013322,Camphill Primary School ,Primary,N2,Gillian McEwen
3013323,Mossgrove Primary School ,Primary,N3,Gearoid Rafferty
3013325,Leaney Primary School ,Primary,N5,Ann Woods
3013330,Victoria Primary School ,Primary,N4,Mark Keown
3013331,Ballycraigy Primary School ,Primary,N5,Ann Woods
3013332,Toreagh Primary School ,Primary,N4,Mark Keown
3013700,Macosquin Primary School ,Primary,N1,John McCusker
3013704,Castledawson Primary School ,Primary,SW3,Peter Dennis
3016005,Silverstream Primary School ,Primary,N4,Mark Keown
3016014,Templepatrick Primary School ,Primary,N3,Gearoid Rafferty
3016015,Mossley Primary School ,Primary,N4,Mark Keown
3016037,Greystone Primary School ,Primary,N5,Ann Woods
3016038,Hollybank Primary School ,Primary,N4,Mark Keown
3016040,Armoy Primary School ,Primary,N5,Ann Woods
3016052,Harpurs Hill Primary School ,Primary,N1,John McCusker
3016055,Gorran Primary School ,Primary,N1,John McCusker
3016058,Parkhall Primary School ,Primary,N3,Gearoid Rafferty
3016063,Dunclug Primary School ,Primary,N2,Gillian McEwen
3016119,Garvagh Primary School ,Primary,N1,John McCusker
3016125,Rasharkin Primary School ,Primary,N5,Ann Woods
3016129,Carniny Primary School ,Primary,N2,Gillian McEwen
3016170,Ballyhenry Primary School ,Primary,N3,Gearoid Rafferty
3016225,Woodlawn Primary School ,Primary,N4,Mark Keown
3016244,Ashgrove Primary School ,Primary,N3,Gearoid Rafferty
3016249,Earlview Primary School ,Primary,N4,Mark Keown
3016252,Ballysally Primary School ,Primary,N1,John McCusker
3016257,Oakfield Primary School ,Primary,N4,Mark Keown
3016260,Cloughmills Primary School ,Primary,N5,Ann Woods
3016264,Irish Society's Primary School ,Primary,N1,John McCusker
3016269,Cairncastle Primary School ,Primary,N4,Mark Keown
3016283,Knockloughrim Primary School ,Primary,SW3,Peter Dennis
3016414,Fairview Primary School ,Primary,N2,Gillian McEwen
3016440,Portglenone Primary School ,Primary,N5,Ann Woods
3016444,Hazelbank Primary School ,Primary,N2,Gillian McEwen
3016594,Bushvalley Primary School ,Primary,N5,Ann Woods
3016705,Islandmagee Primary School,Primary,N4,Mark Keown
3030434,Creggan Primary School ,Primary,N5,Ann Woods
3030438,Millquarter Primary School ,Primary,N3,Gearoid Rafferty
3030547,St Patrick's Primary School ,Primary,N1,John McCusker
3030588,St Mary's Primary School ,Primary,N5,Ann Woods
3030621,St Mary's Primary School ,Primary,N5,Ann Woods
3030688,Mount St Michael's Primary School ,Primary,N3,Gearoid Rafferty
3030708,Glenann Primary School ,Primary,N2,Gillian McEwen
3030719,St Olcan's Primary School ,Primary,N5,Ann Woods
3030815,Moneynick Primary School ,Primary,N5,Ann Woods
3030832,St Comgall's Primary School ,Primary,N3,Gearoid Rafferty
3030890,St Brigid's Primary School ,Primary,N2,Gillian McEwen
3030894,St Mary's Primary School ,Primary,N2,Gillian McEwen
3030898,St Anne's Primary School ,Primary,N2,Gillian McEwen
3030900,St Anthony's Primary School ,Primary,N4,Mark Keown
3032018,St Brigid's Primary School Tirkane,Primary,SW3,Peter Dennis
3032109,New Row Primary School ,Primary,SW3,Peter Dennis
3032185,St Trea's Primary School ,Primary,SW3,Peter Dennis
3032197,Knocknagin Primary School ,Primary,SW3,Peter Dennis
3032202,St Columba's Primary School ,Primary,N1,John McCusker
3032205,St Columb's Primary School (Cullion),Primary,SW3,Peter Dennis
3032218,Crossroads Primary School ,Primary,SW3,Peter Dennis
3032231,St Colum's Primary School ,Primary,N1,John McCusker
3032246,St John Bosco Primary School Ballynease,Primary,SW3,Peter Dennis
3032257,Anahorish Primary School ,Primary,SW3,Peter Dennis
3032268,St Columba's Primary School ,Primary,SW3,Peter Dennis
3032271,St Eoghan's Primary School ,Primary,SW3,Peter Dennis
3032273,St Mary's Primary School ,Primary,SW3,Peter Dennis
3032274,St John's Primary School ,Primary,SW3,Peter Dennis
3032275,Greenlough Primary School (St Mary's),Primary,SW3,Peter Dennis
3032281,St Mary's Primary School ,Primary,SW3,Peter Dennis
3032285,St Patrick's & St Joseph's Primary School ,Primary,N1,John McCusker
3032297,St Malachy's Primary School ,Primary,N1,John McCusker
3033303,St Oliver Plunkett's Primary School ,Primary,N3,Gearoid Rafferty
3033313,St Bernard's Primary School ,Primary,N3,Gearoid Rafferty
3033317,St John's Primary School ,Primary,N2,Gillian McEwen
3033320,St Patrick's Primary School ,Primary,N5,Ann Woods
3033326,St Brigid's Primary School ,Primary,N5,Ann Woods
3033709,St John's Primary School ,Primary,N1,John McCusker
3036026,St Joseph's Primary School ,Primary,N3,Gearoid Rafferty
3036039,St Mary's Primary School (Glenview),Primary,SW3,Peter Dennis
3036046,St Mary's-on-the-Hill Primary School ,Primary,N3,Gearoid Rafferty
3036050,St Joseph's Primary School ,Primary,N3,Gearoid Rafferty
3036100,St James' Primary School and Nursery Unit,Primary,N4,Mark Keown
3036103,St Brigid's Primary School ,Primary,SW3,Peter Dennis
3036131,St Patrick's Primary School ,Primary,N2,Gillian McEwen
3036139,St Macnissi's Primary School ,Primary,N4,Mark Keown
3036147,St Columba's Primary School ,Primary,N1,John McCusker
3036154,St Patrick's Primary School ,Primary,N2,Gillian McEwen
3036243,St Joseph's Primary School ,Primary,N2,Gillian McEwen
3036268,St Ciaran's Primary School ,Primary,N2,Gillian McEwen
3036292,St Patrick's Primary School (Glen),Primary,SW3,Peter Dennis
3036559,St Patrick's & St Brigid's Primary School ,Primary,N5,Ann Woods
3036562,Holy Family Primary School ,Primary,SW3,Peter Dennis
3036563,St Nicholas' Primary School ,Primary,N4,Mark Keown
3036575,St Macnissi's Primary School ,Primary,N4,Mark Keown
3036666,St Colmcille's Primary School ,Primary,N2,Gillian McEwen
3036679,St Brigid's Primary School,Primary,N2,Gillian McEwen
3036683,St Paul's Primary School,Primary,N5,Ann Woods
3036704,Mary Queen of Peace Primary School,Primary,N2,Gillian McEwen
3046653,Gaelscoil an Chaistil,Primary,N5,Ann Woods
3046678,Gaelscoil na Spéiríní,Primary,SW3,Peter Dennis
3046684,Gaelscoil Ghleann Darach ,Primary,N3,Gearoid Rafferty
3046685,Gaelscoil Eanna ,Primary,N3,Gearoid Rafferty
3046691,Gaelscoil an tSeanchaí ,Primary,SW3,Peter Dennis
3050519,Carnlough Controlled Integrated Primary School,Primary,N2,Gillian McEwen
3050791,Glengormley Integrated Primary School ,Primary,N3,Gearoid Rafferty
3050841,Central Integrated Primary School ,Primary,N4,Mark Keown
3050859,Crumlin Controlled Intergrated Primary School ,Primary,N3,Gearoid Rafferty
3050866,Ballymoney Controlled Integrated Primary School ,Primary,N5,Ann Woods
3050899,Seaview Integrated Primary School,Primary,N2,Gillian McEwen
3052071,Carhill Integrated Primary School ,Primary,N1,John McCusker
3053333,Ballycastle Integrated Primary School ,Primary,N5,Ann Woods
3056231,Six Mile Integrated Primary School,Primary,N3,Gearoid Rafferty
3056248,Round Tower Integrated Primary School ,Primary,N3,Gearoid Rafferty
3056708,Mallusk Controlled Integrated Primary ,Primary,N3,Gearoid Rafferty
3066544,Millstrand Integrated Primary School,Primary,N1,John McCusker
3066551,Braidside Integrated Primary School ,Primary,N5,Ann Woods
3066561,Corran Integrated Primary School ,Primary,N4,Mark Keown
3066568,Acorn Integrated Primary School ,Primary,N4,Mark Keown
3066613,Spires Integrated Primary School ,Primary,SW3,Peter Dennis
3066652,Maine Integrated Primary School,Primary,N3,Gearoid Rafferty
3150037,Ballymena Integrated Nursery School,Nursery,N2,Gillian McEwen
3116034,Ballymoney Nursery School,Nursery,N1,Gillian McEwen
3116150,Sunnylands Nursery School,Nursery,N4,Ann Woods
3116162,Mossley Nursery School,Nursery,N1,Gillian McEwen
3116165,Dunclug Nursery School,Nursery,N2,Gillian McEwen
3116166,Ballyhenry Nursery School,Nursery,N3,Gillian McEwen
3116167,Steeple Nursery School,Nursery,N3,Gillian McEwen
3156177,Magherafelt Integrated Nursery School,Nursery,SW3,Aisling Clerkin
3116214,Ashgrove Nursery School,Nursery,N3,Gillian McEwen
3116215,Kylemore Nursery School,Nursery,N5,Ann Woods
3116219,Monkstown Nursery School,Nursery,N1,Gillian McEwen
3116220,Ballyclare Nursery School,Nursery,N3,Gillian McEwen
3116263,Ballysally Nursery School,Nursery,N5,Ann Woods
3136183,St Joseph's Nursery School,Nursery,N3,Gillian McEwen
3136332,St Anthony's Nursery School,Nursery,N2,Gillian McEwen
3210035,Magherafelt High School,Post-primary,SW3,Peter Dennis
3210038,Larne High School,Post-primary,N4,Fionnuala McCann
3210124,Ballycastle High School,Post-primary,N1,John McCusker
3210133,Ballymoney High School,Post-primary,N2,Mark Keown
3210134,Ballyclare Secondary School,Post-primary,N3,Gearoid Rafferty
3210172,Cullybackey College,Post-primary,N2,Mark Keown
3210202,Integrated College Glengormley ,Post-primary,N3,Gearoid Rafferty
3210208,Dunclug College,Post-primary,N2,Mark Keown
3210222,Dunluce School,Post-primary,N1,John McCusker
3210300,Coleraine College,Post-primary,N1,John McCusker
3210313,Abbey Community College,Post-primary,N4,Fionnuala McCann
3210323,Carrickfergus Academy,Post-primary,N4,Fionnuala McCann
3230075,Our Lady of Lourdes High School,Post-primary,N2,Mark Keown
3230084,St Patrick's College,Post-primary,N2,Mark Keown
3230132,St Colm's High School,Post-primary,SW3,Peter Dennis
3230168,St Pius X College,Post-primary,SW3,Peter Dennis
3230203,Edmund Rice College,Post-primary,N3,Gearoid Rafferty
3230227,Cross and Passion College,Post-primary,N1,John McCusker
3230234,St Patrick's Co-ed Comprehensive College,Post-primary,SW3,Peter Dennis
3230308,St Benedict's College (MK)*,Post-primary,N3,Mark Keown
3230310,St Killian's College,Post-primary,N2,Mark Keown
3230318,St Conor's College,Post-primary,SW3,Peter Dennis
3250149,Crumlin Integrated College,Post-primary,N3,Gearoid Rafferty
3250207,Parkhall Integrated College,Post-primary,N3,Gearoid Rafferty
3260289,Slemish College,Post-primary,N2,Mark Keown
3260290,North Coast Integrated College,Post-primary,N1,John McCusker
3260299,Ulidia Integrated College,Post-primary,N4,Fionnuala McCann
3260303,Sperrin Integrated College,Post-primary,SW3,Peter Dennis
3310018,Rosstulla Special School,Special,N4,Fionnuala McCann
3316510,Hill Croft Special School,Special,N4,Fionnuala McCann
3316512,Sandelford Special School,Special,N1,John McCusker
3316514,Roddensvale Special School,Special,N4,Fionnuala McCann
3316547,Thornfield Special School,Special,N4,Fionnuala McCann
3316570,Kilronan Special School,Special,SW3,Peter Dennis
3316609,Riverside Special School,Special,N3,Gearoid Rafferty
3316676,Castletower School,Special,N2,Mark Keown
3340002,Jordanstown Special School,Special,N4,Fionnuala McCann
3410008,Ballyclare High School,Post-primary,N3,Gearoid Rafferty
3410098,Carrickfergus Grammar School,Post-primary,N4,Fionnuala McCann
3410209,Antrim Grammar School,Post-primary,N3,Gearoid Rafferty
3410297,Cambridge House Grammar School,Post-primary,N2,Mark Keown
3420010,St Louis Grammar School,Post-primary,N2,Mark Keown
3420011,Ballymena Academy (GR)*,Post-primary,N2,Gearoid Rafferty
3420012,Dalriada School,Post-primary,N1,John McCusker
3420034,Loreto College,Post-primary,N1,John McCusker
3420046,Larne Grammar School,Post-primary,N4,Fionnuala McCann
3420058,Rainey Endowed School,Post-primary,SW3,Peter Dennis
3420068,Dominican College,Post-primary,N1,John McCusker
3420077,Belfast High School,Post-primary,N4,Fionnuala McCann
3420080,St Mary’s Grammar School,Post-primary,SW3,Peter Dennis
3420317,Coleraine Grammar,Post-primary,N1,John McCusker
4010512,McKinney Primary School Dundrod,Primary,BSE4,Jill Garland
4010720,Ballycarrickmaddy Primary School ,Primary,BSE4,Jill Garland
4010743,Largymore Primary School ,Primary,BSE4,Jill Garland
4010762,Brownlee Primary School ,Primary,BSE4,Jill Garland
4010788,Dunmurry Primary School ,Primary,BSE3,Julie Harris
4010807,Lisburn Central Primary School ,Primary,BSE4,Jill Garland
4010882,Seymour Hill Primary School ,Primary,BSE4,Jill Garland
4010885,Tonagh Primary School ,Primary,BSE4,Jill Garland
4011265,Ballyvester Primary School ,Primary,BSE6,Cheryl Stafford
4011300,Grey Abbey Primary School ,Primary,BSE6,Cheryl Stafford
4011310,Carrickmannon Primary School ,Primary,BSE5,Maire Gorman
4011345,Newtownards Model Primary School ,Primary,BSE5,Maire Gorman
4011373,Kirkistown Primary School ,Primary,BSE6,Cheryl Stafford
4011462,Castle Gardens Primary School ,Primary,BSE6,Cheryl Stafford
4011488,Victoria Primary School (Ballyhalbert),Primary,BSE6,Cheryl Stafford
4011507,Portavogie Primary School ,Primary,BSE6,Cheryl Stafford
4011566,Ballywalter Primary School ,Primary,BSE6,Cheryl Stafford
4011567,Ballynahinch Primary School ,Primary,BSE8,Madeline Mason
4011578,Derryboy Primary School ,Primary,BSE5,Maire Gorman
4011584,Carr Primary School ,Primary,BSE4,Jill Garland
4011587,Dundonald Primary School ,Primary,BSE5,Maire Gorman
4011588,Comber Primary School ,Primary,BSE5,Maire Gorman
4011606,Gilnahirk Primary School ,Primary,BSE5,Maire Gorman
4011608,Anahilt Primary School ,Primary,BSE4,Jill Garland
4011619,Dromara Primary School ,Primary,BSE8,Madeline Mason
4011631,Holywood Primary School ,Primary,BSE6,Cheryl Stafford
4011632,Cregagh Primary School ,Primary,BSE5,Maire Gorman
4011645,Crawfordsburn Primary School ,Primary,BSE6,Cheryl Stafford
4011646,Victoria Primary School ,Primary,BSE6,Cheryl Stafford
4011650,Ballyholme Primary School ,Primary,BSE6,Cheryl Stafford
4011654,Donaghadee Primary School ,Primary,BSE6,Cheryl Stafford
4011657,Lisnasharragh Primary School ,Primary,BSE5,Maire Gorman
4011670,Clandeboye Primary School ,Primary,BSE6,Cheryl Stafford
4011674,Knockbreda Primary School ,Primary,BSE5,Maire Gorman
4011681,Millisle Primary School ,Primary,BSE6,Cheryl Stafford
4011683,Braniel Primary School ,Primary,BSE5,Maire Gorman
4011698,Newcastle Primary School ,Primary,BSE7,Pamela McCrum
4011699,Moneyrea Primary School ,Primary,BSE6,Cheryl Stafford
4013013,Belvoir Park Primary School ,Primary,BSE5,Maire Gorman
4013023,Bloomfield Primary School ,Primary,BSE6,Cheryl Stafford
4053024,Cairnshill Integrated Primary School ,Primary,BSE5,Maire Gorman
4013043,Lead Hill Primary School ,Primary,BSE5,Maire Gorman
4013044,Carryduff Primary School ,Primary,BSE5,Maire Gorman
4013045,Grange Park Primary School ,Primary,BSE6,Cheryl Stafford
4013046,Alexander Dickson Primary School ,Primary,BSE5,Maire Gorman
4013305,Harmony Hill Primary School ,Primary,BSE4,Jill Garland
4013334,Knockmore Primary School ,Primary,BSE4,Jill Garland
4016002,Kilcooley Primary School ,Primary,BSE6,Cheryl Stafford
4016004,Londonderry Primary School ,Primary,BSE5,Maire Gorman
4016020,Carrowdore Primary School ,Primary,BSE6,Cheryl Stafford
4016067,Rathmore Primary School ,Primary,BSE6,Cheryl Stafford
4016083,West Winds Primary School ,Primary,BSE5,Maire Gorman
4016104,Moira Primary School ,Primary,BSE8,Madeline Mason
4016111,Towerview Primary School ,Primary,BSE6,Cheryl Stafford
4016123,Spa Primary School ,Primary,BSE8,Madeline Mason
4016126,Andrews Memorial Primary School ,Primary,BSE5,Maire Gorman
4016144,Old Warren Primary School ,Primary,BSE4,Jill Garland
4016145,Killowen Primary School ,Primary,BSE4,Jill Garland
4016192,Kilmaine Primary School ,Primary,BSE6,Cheryl Stafford
4016201,Academy Primary School ,Primary,BSE5,Maire Gorman
4016202,Ballinderry Primary School ,Primary,BSE4,Jill Garland
4016235,Downpatrick Primary School ,Primary,BSE7,Pamela McCrum
4016396,Killinchy Primary School ,Primary,BSE6,Cheryl Stafford
4016399,Abbey Primary School ,Primary,BSE5,Maire Gorman
4016401,Pond Park Primary School ,Primary,BSE4,Jill Garland
4016417,Maghaberry Primary School ,Primary,BSE4,Jill Garland
4016430,Ballymagee Primary School ,Primary,BSE6,Cheryl Stafford
4016441,Ballymacash Primary School ,Primary,BSE4,Jill Garland
4016503,Brooklands Primary School ,Primary,BSE5,Maire Gorman
4016615,Riverdale Primary School ,Primary,BSE4,Jill Garland
4016636,Meadow Bridge Primary School ,Primary,BSE4,Jill Garland
4016649,"Downshire Primary School, Hillsborough",Primary,BSE4,Jill Garland
4016650,Cumran Primary School ,Primary,BSE7,Pamela McCrum
4016681,Glasswater Primary School ,Primary,BSE7,Pamela McCrum
4030573,Ballymacward Primary School ,Primary,BSE4,Jill Garland
4030823,Ballymacrickett Primary School ,Primary,BSE4,Jill Garland
4030897,St Joseph's Primary School ,Primary,BSE4,Jill Garland
4031328,Christ the King Primary School ,Primary,BSE8,Madeline Mason
4031350,St Malachy's Primary School ,Primary,BSE7,Pamela McCrum
4031485,St Caolan's Primary School ,Primary,BSE5,Maire Gorman
4031526,St Patrick's Primary School ,Primary,BSE7,Pamela McCrum
4031531,St Francis' Primary School ,Primary,BSE7,Pamela McCrum
4031550,St Joseph's Primary School ,Primary,BSE7,Pamela McCrum
4031628,St Patrick's Primary School ,Primary,BSE6,Cheryl Stafford
4031660,St Joseph's Primary School ,Primary,BSE5,Maire Gorman
4031662,St Mary's Primary School ,Primary,BSE5,Maire Gorman
4031663,St Joseph's Primary School ,Primary,BSE7,Pamela McCrum
4031665,St Patrick's Primary School ,Primary,BSE8,Madeline Mason
4031671,St Patrick's Primary School ,Primary,BSE7,Pamela McCrum
4031673,St Mary's Primary School ,Primary,BSE7,Pamela McCrum
4031676,St Bernard's Primary School ,Primary,BSE5,Maire Gorman
4033002,St Mary's Aughlisnafin,Primary,BSE7,Pamela McCrum
4033005,St Joseph's Primary School ,Primary,BSE7,Pamela McCrum
4033007,St Macartan's Primary School ,Primary,BSE7,Pamela McCrum
4033012,The Holy Family Primary School ,Primary,BSE7,Pamela McCrum
4033017,St Finian's Primary School ,Primary,BSE6,Cheryl Stafford
4033028,St Patrick's Primary School ,Primary,BSE6,Cheryl Stafford
4033036,St Mary's Primary School ,Primary,BSE7,Pamela McCrum
4033037,St Joseph's Primary School ,Primary,BSE7,Pamela McCrum
4033040,St Brigid's Primary School ,Primary,BSE7,Pamela McCrum
4033306,St Aloysius Primary School ,Primary,BSE4,Jill Garland
4033307,St Colman's Primary School ,Primary,BSE4,Jill Garland
4036016,St Joseph's Primary School ,Primary,BSE7,Pamela McCrum
4036036,St Malachy's Primary School ,Primary,BSE7,Pamela McCrum
4036113,St Nicholas' Primary School ,Primary,BSE7,Pamela McCrum
4036133,Sacred Heart Primary School ,Primary,BSE7,Pamela McCrum
4036146,St Comgall's Primary School ,Primary,BSE6,Cheryl Stafford
4036148,St Malachy's Primary School ,Primary,BSE6,Cheryl Stafford
4036182,St Colmcille's Primary School ,Primary,BSE7,Pamela McCrum
4036285,The Good Shepherd Primary School ,Primary,BSE3,Julie Harris
4036428,St Mary's Primary School ,Primary,BSE6,Cheryl Stafford
4036454,St Malachy's Primary School ,Primary,BSE7,Pamela McCrum
4036455,St Patrick's Primary School ,Primary,BSE7,Pamela McCrum
4036480,St Kieran's Primary School ,Primary,BSE3,Julie Harris
4036530,St Mary's Primary School ,Primary,BSE6,Cheryl Stafford
4036591,Our Lady Queen of Peace Primary School ,Primary,BSE2,Elaine McAllister
4036618,Christ the Redeemer Primary School ,Primary,BSE4,Jill Garland
4036635,St Mary's Primary School ,Primary,BSE7,Pamela McCrum
4036642,St Ita's Primary School,Primary,BSE5,Maire Gorman
4036693,Our Lady and St Patrick Primary School,Primary,BSE7,Pamela McCrum
4036702,The Holy Evangelist  (St Luke's and St Mark's),Primary,BSE4,Jill Garland
4046600,Scoil na Fuiseoige,Primary,BSE4,Jill Garland
4046648,Bunscoil Bheanna Boirche,Primary,BSE7,Pamela McCrum
4051569,Kircubbin Integrated Primary School ,Primary,BSE6,Cheryl Stafford
4051601,Portaferry Integrated Primary School ,Primary,BSE6,Cheryl Stafford
4051680,Bangor Central Integrated Primary School ,Primary,BSE6,Cheryl Stafford
4053009,Annsborough Primary School ,Primary,BSE7,Pamela McCrum
4053020,Glencraig Integrated Primary School ,Primary,BSE6,Cheryl Stafford
4053308,Fort Hill Integrated Primary School ,Primary,BSE4,Jill Garland
4056541,All Childrens Integrated Primary School,Primary,BSE7,Pamela McCrum
4056709,Killyleagh Integrated Primary School ,Primary,BSE7,Pamela McCrum
4056710,Loughries Integrated Primary School ,Primary,BSE6,Cheryl Stafford
4066579,Loughview Integrated Primary School ,Primary,BSE5,Maire Gorman
4066588,Cedar Integrated Primary School ,Primary,BSE7,Pamela McCrum
4066611,Oakwood Integrated Primary School ,Primary,BSE4,Jill Garland
4066644,Millennium Integrated Primary School ,Primary,BSE5,Maire Gorman
4066668,Drumlins Integrated Primary School ,Primary,BSE8,Madeline Mason
4066682,Rowandale Integrated Primary School,Primary,BSE8,Madeline Mason
4110030,Holywood Nursery School,Nursery,BSE6,Maire Gorman
4110035,Newtownards Nursery School,Nursery,BSE5,Jill Garland
4116018,Barbour Nursery School,Nursery,BSE4,Jill Garland
4116175,Trinity Nursery School,Nursery,BSE6,Maire Gorman
4116176,Downpatrick Nursery School,Nursery,BSE7,Pamela McCrum
4116216,King's Road Nursery School,Nursery,BSE1,Mairead Leonard
4116239,Knockbreda Nursery School,Nursery,BSE1,Mairead Leonard
4116240,Castlereagh Nursery School,Nursery,BSE1,Mairead Leonard
4116307,Glenbrook Nursery School,Nursery,BSE5,Jill Garland
4116418,Pond Park Nursery School,Nursery,BSE4,Jill Garland
4136211,St Colmcille's Nursery School,Nursery,BSE7,Pamela McCrum
4136212,Convent of Mercy Nursery School,Nursery,BSE7,Pamela McCrum
4136286,Good Shepherd Nursery School,Nursery,BSE4,Jill Garland
4136317,Holy Trinity Nursery School,Nursery,BSE4,Jill Garland
4136368,St Luke's Nursery School,Nursery,BSE4,Jill Garland
4136481,St Kieran's Nursery School,Nursery,BSE4,Jill Garland
4136606,St Therese Nursery School,Nursery,BSE4,Jill Garland
4136626,Kircubbin Community Nursery School,Nursery,BSE5,Jill Garland
4150029,Bangor Integrated Nursery School,Nursery,BSE6,Maire Gorman
4210012,Movilla High School,Post-primary,BSE6,Cheryl Stafford
4210029,The High School Ballynahinch,Post-primary,BSE9,Catherine Thompson
4210045,Nendrum College,Post-primary,BSE6,Cheryl Stafford
4210046,Glastry College,Post-primary,BSE6,Cheryl Stafford
4210051,Lisnagarvey High School,Post-primary,BSE4,Susan O'Boyle
4210063,Saintfield High School,Post-primary,BSE7,Fionnuala McCann
4210201,Laurelhill Community College,Post-primary,BSE4,Susan O'Boyle
4210262,Dundonald High School,Post-primary,BSE4,Susan O'Boyle
4210296,Bangor Academy and 6th Form College,Post-primary,BSE6,Cheryl Stafford
4210316,Breda Academy ,Post-primary,BSE4,Susan O'Boyle
4230067,St Columba's College,Post-primary,BSE6,Cheryl Stafford
4230102,St Colmcille's High School,Post-primary,BSE7,Fionnuala McCann
4230107,St Columbanus' College,Post-primary,BSE6,Cheryl Stafford
4230161,St Colman's High and Sixth Form College ,Post-primary,BSE9,Catherine Thompson
4230165,St Patrick's Academy,Post-primary,BSE4,Susan O'Boyle
4230211,St Malachy's High School,Post-primary,BSE7,Fionnuala McCann
4230223,St Colm’s High School,Post-primary,BSE2,Wendy Crawford
4250024,Priory College,Post-primary,BSE1,Cathy Buhac
4250072,Fort Hill College,Post-primary,BSE4,Susan O'Boyle
4260255,Lagan College,Post-primary,BSE4,Susan O'Boyle
4260281,Shimna Integrated College,Post-primary,BSE7,Fionnuala McCann
4260295,Strangford Integrated College,Post-primary,BSE6,Cheryl Stafford
4260309,Blackwater Integrated College,Post-primary,BSE7,Fionnuala McCann
4310008,Beechlawn Special School,Special,SW4,Karen Gray
4310013,Killard House Special School,Special,BSE6,Cheryl Stafford
4310019,Ardmore House Special School,Special,BSE7,Fionnuala McCann
4316022,Brookfield Special School,Special,SW4,Karen Gray
4316273,Longstone Special School,Special,BSE4,Susan O'Boyle
4316515,Parkview Special School,Special,BSE4,Susan O'Boyle
4316516,Knockevin Special School,Special,BSE7,Fionnuala McCann
4316517,Tor Bank Special School,Special,BSE4,Susan O'Boyle
4316518,Clifton Special School,Special,BSE6,Cheryl Stafford
4316614,Lakewood Special School,Special,BSE6,Cheryl Stafford
4410063,Regent House School,Post-primary,BSE6,Cheryl Stafford
4410085,Down High School,Post-primary,BSE7,Fionnuala McCann
4410097,Glenlola Collegiate,Post-primary,BSE6,Cheryl Stafford
4420015,Bangor Grammar School,Post-primary,BSE6,Cheryl Stafford
4420044,Sullivan Upper School,Post-primary,BSE1,Cathy Buhac
4420050,Friends' School,Post-primary,BSE4,Susan O'Boyle
4420051,Wallace High School,Post-primary,BSE4,Susan O'Boyle
4420086,Assumption Grammar School,Post-primary,BSE9,Catherine Thompson
4420259,Our Lady and St Patrick’s College,Post-primary,BSE4,Susan O'Boyle
4420825,Lecale Trinity Grammar School (new school),Post-primary,BSE7,Catherine Thompson
4610063,Regent House School,Prep,BSE5,Maire Gorman
4620044,Sullivan Upper School,Prep,BSE6,Cheryl Stafford
4620050,Friends' School,Prep,BSE4,Jill Garland
4620051,Wallace High School,Prep,BSE4,Jill Garland
5010909,Foley County Primary School,Primary,SW8,Mairead Leonard
5050992,Lurgan Model Integrated Primary School,Primary,SW4,Karen Gray
5011019,Mullaglass Primary School,Primary,BSE9,Catherine Thompson
5011095,Mullavilly Primary School,Primary,SW6,Deirdre Robson
5011112,Hardy Memorial Primary School,Primary,SW4,Karen Gray
5011115,Armstrong Primary School,Primary,SW1,Sharon Mulligan
5011116,Tandragee Primary School,Primary,SW6,Deirdre Robson
5011119,Darkley Primary School,Primary,SW8,Mairead Leonard
5011124,"Kings Park Primary School, Lurgan",Primary,SW4,Karen Gray
5011127,"Carrick Primary School, Lurgan",Primary,SW4,Karen Gray
5011129,Hart Memorial Primary School,Primary,SW4,Karen Gray
5011132,Killylea Primary School,Primary,SW1,Sharon Mulligan
5011137,Newtownhamilton Primary School,Primary,BSE9,Catherine Thompson
5011142,Clare Primary School,Primary,SW6,Deirdre Robson
5011153,Lisnadill Primary School,Primary,SW6,Deirdre Robson
5011157,Derryhale Primary School,Primary,SW4,Karen Gray
5011161,Mountnorris Primary School,Primary,SW8,Mairead Leonard
5011165,Rich Mount Primary School,Primary,SW4,Karen Gray
5011174,Birches Primary School,Primary,SW2,Jane Sidor
5011175,Cortamlet Primary School,Primary,BSE9,Catherine Thompson
5011179,Bessbrook Primary School,Primary,BSE9,Catherine Thompson
5011189,"Edenderry Primary School, Portadown",Primary,SW4,Karen Gray
5011190,Tullygally Primary School,Primary,SW4,Karen Gray
5011520,Dromore Road Primary School,Primary,BSE8,Madeline Mason
5011575,Dromore Central Primary School,Primary,SW4,Karen Gray
5011594,Abercorn Primary School,Primary,SW8,Mairead Leonard
5011596,Gilford Primary School,Primary,SW4,Karen Gray
5011598,Waringstown Primary School,Primary,SW4,Karen Gray
5011602,Bleary Primary School,Primary,SW4,Karen Gray
5011611,Iveagh Primary School,Primary,SW8,Mairead Leonard
5011617,Ballydown Primary School,Primary,SW6,Deirdre Robson
5011649,Kilkeel Primary School,Primary,BSE9,Catherine Thompson
5011651,Milltown Primary School,Primary,SW6,Deirdre Robson
5011664,Scarva Primary School,Primary,SW8,Mairead Leonard
5011684,Annalong Primary School,Primary,BSE9,Catherine Thompson
5011687,Maralin Village Primary School,Primary,SW6,Deirdre Robson
5012280,Moneymore Primary School,Primary,SW2,Jane Sidor
5012538,Churchill Primary School,Primary,SW1,Sharon Mulligan
5012615,Ballytrea Primary School,Primary,SW6,Deirdre Robson
5012621,Aughnacloy Primary School,Primary,SW1,Sharon Mulligan
5012632,Donaghmore Primary School,Primary,SW2,Jane Sidor
5012635,Augher Central Primary,Primary,SW1,Sharon Mulligan
5012636,Moy Regional Primary School,Primary,SW1,Sharon Mulligan
5012643,Stewartstown Primary School,Primary,SW2,Jane Sidor
5012646,Howard Primary School,Primary,SW1,Sharon Mulligan
5012649,Coagh Primary School,Primary,SW6,Deirdre Robson
5012657,Walker Memorial Primary School,Primary,SW1,Sharon Mulligan
5012696,Carntall Primary School,Primary,SW6,Deirdre Robson
5012719,Newmills Primary School,Primary,SW2,Jane Sidor
5012720,Dungannon Primary School,Primary,SW1,Sharon Mulligan
5012726,Cookstown Primary School,Primary,SW2,Jane Sidor
5013019,"Edenderry Primary School, Banbridge",Primary,SW8,Mairead Leonard
5013702,Woods Primary School,Primary,SW6,Deirdre Robson
5016007,Millington Primary School,Primary,SW4,Karen Gray
5016027,Drumhillery Primary School,Primary,SW8,Mairead Leonard
5016065,Dickson Primary School,Primary,SW4,Karen Gray
5016078,Poyntzpass Primary School,Primary,SW6,Deirdre Robson
5016079,The Cope Primary School,Primary,SW2,Jane Sidor
5016080,Drumgor Primary School,Primary,SW4,Karen Gray
5016088,Fivemiletown Primary School,Primary,SW6,Deirdre Robson
5016098,Brackenagh West Primary School,Primary,BSE8,Madeline Mason
5016117,Ballyoran Primary School,Primary,SW4,Karen Gray
5016138,Bocombra Primary School,Primary,SW4,Karen Gray
5016141,Churchtown Primary School,Primary,SW6,Deirdre Robson
5016178,Donacloney Primary School,Primary,SW4,Karen Gray
5016179,Hamiltonsbawn Primary School,Primary,SW6,Deirdre Robson
5016200,"Queen Elizabeth II Primary School, Pomeroy",Primary,SW2,Jane Sidor
5016221,Orritor Primary School,Primary,SW2,Jane Sidor
5016224,Donaghey Primary School,Primary,SW2,Jane Sidor
5016391,Bush Primary School,Primary,SW2,Jane Sidor
5016436,Markethill Primary School,Primary,SW8,Mairead Leonard
5016451,Windsor Hill Primary School,Primary,BSE8,Madeline Mason
5016543,Moyallon Primary School,Primary,SW4,Karen Gray
5016599,Fair Hill Primary School,Primary,SW6,Deirdre Robson
5016612,Bronte Primary School,Primary,SW8,Mairead Leonard
5016616,Drumadonnell Primary School,Primary,SW8,Mairead Leonard
5016643,Richmond Primary School,Primary,SW1,Sharon Mulligan
5016658,Orchard County Primary School,Primary,SW2,Jane Sidor
5016680,Killyman Primary School,Primary,SW2,Jane Sidor
5030958,"St John's Primary School, Eglish",Primary,SW2,Jane Sidor
5030972,"St Oliver Plunkett's Primary School, Forkhill",Primary,BSE9,Catherine Thompson
5030975,"St Malachy's Primary School, Ballymoyer",Primary,BSE9,Catherine Thompson
5031070,"St Michael's Primary School, N'hamilton",Primary,BSE9,Catherine Thompson
5031080,Clintyclay Primary School,Primary,SW6,Deirdre Robson
5031086,Clonalig Primary School,Primary,BSE9,Catherine Thompson
5031088,Dromintee Primary School,Primary,BSE9,Catherine Thompson
5031103,Tannaghmore Primary School,Primary,SW4,Karen Gray
5031107,"St Teresa's Primary School, Tullyherron",Primary,BSE9,Catherine Thompson
5031108,Clea Primary School,Primary,SW8,Mairead Leonard
5031110,Christian Brothers' Primary School,Primary,SW1,Sharon Mulligan
5031126,Mount St Catherine's Primary School,Primary,SW1,Sharon Mulligan
5031130,St Moninna's Primary School,Primary,BSE9,Catherine Thompson
5031133,"St Malachy's Primary School, Armagh",Primary,SW1,Sharon Mulligan
5031135,"St Olivers' Primary School, Carrickravaddy",Primary,BSE9,Catherine Thompson
5031138,"St Joseph's Primary School, Madden",Primary,SW8,Mairead Leonard
5031148,"St Patrick's Primary School, Crossmaglen",Primary,BSE9,Catherine Thompson
5031154,Killean Primary School,Primary,BSE9,Catherine Thompson
5031158,"St Patrick's Primary School, Newry",Primary,BSE8,Madeline Mason
5031160,"St Teresa's Primary School, Lurgan",Primary,SW4,Karen Gray
5031163,"St Brigid's Primary School, G'drummond",Primary,BSE9,Catherine Thompson
5031164,"St Mary's Primary School, Maghery",Primary,SW2,Jane Sidor
5031166,"St Michael's Primary School, Clady",Primary,SW8,Mairead Leonard
5031168,"St Patrick's Primary School, Aghacommon",Primary,SW4,Karen Gray
5031169,"St Brigid's Primary School, Drumilly",Primary,BSE9,Catherine Thompson
5031172,"St Mary's Primary School, Granemore",Primary,SW8,Mairead Leonard
5031176,"St Peter's Primary School, Cloughreagh",Primary,BSE9,Catherine Thompson
5031183,"St Patrick's Primary School, Armagh",Primary,SW1,Sharon Mulligan
5031184,"St Anthony's Primary School, Craigavon",Primary,SW4,Karen Gray
5031188,"St Joseph's Primary School, Meigh",Primary,BSE9,Catherine Thompson
5031318,"Killowen Primary School, Rostrevor",Primary,BSE9,Catherine Thompson
5031340,"St Joseph's Convent Primary School, Newry",Primary,BSE8,Madeline Mason
5031558,Ballyholland Primary School,Primary,BSE8,Madeline Mason
5031589,Grange Primary School,Primary,BSE8,Madeline Mason
5031609,"Carrick Primary School, Warenpoint",Primary,BSE8,Madeline Mason
5031653,"St Matthew's Primary School, Magheramayo",Primary,BSE8,Madeline Mason
5031667,"St Patrick's Primary School, Magheralin",Primary,SW4,Karen Gray
5031669,"St John's Primary School, Gilford",Primary,SW6,Deirdre Robson
5031694,"Holy Cross Primary School, Kilkeel",Primary,BSE8,Madeline Mason
5031695,"St Mary's Primary School, Barr",Primary,BSE9,Catherine Thompson
5031697,"St Patrick's Primary School, Mayobridge",Primary,BSE8,Madeline Mason
5032208,Ballylifford Primary School,Primary,SW2,Jane Sidor
5032262,Lissan Primary School,Primary,SW6,Deirdre Robson
5032306,"St Malachy's Primary School, Glencull",Primary,SW1,Sharon Mulligan
5032387,Derrylatinee Primary School,Primary,SW1,Sharon Mulligan
5032463,Blessed Patrick O'loughran Primary School,Primary,SW1,Sharon Mulligan
5032558,Laghey Primary School,Primary,SW2,Jane Sidor
5032585,Edendork Primary School,Primary,SW2,Jane Sidor
5032591,Roan St Patrick's Primary School,Primary,SW1,Sharon Mulligan
5032592,"St Mary's Primary School, Lisbuoy",Primary,SW2,Jane Sidor
5032624,"St Macartan's Primary School, Clogher",Primary,SW1,Sharon Mulligan
5032678,"St Patrick's Primary School, Donaghmore",Primary,SW2,Jane Sidor
5032692,"St Mary's Primary School, Stewartstown",Primary,SW2,Jane Sidor
5032697,"St Patrick's Primary School, Aughadarragh",Primary,SW1,Sharon Mulligan
5032698,"St Brigid's Primary School, Mountjoy",Primary,SW2,Jane Sidor
5032699,"St Mary's Primary School, Dunamore",Primary,SW6,Deirdre Robson
5032703,"St Peters' Primary School, Moortown",Primary,SW6,Deirdre Robson
5032713,Derrychrin Primary School,Primary,SW6,Deirdre Robson
5032714,"Holy Family Primary School, Aughamullan ",Primary,SW2,Jane Sidor
5032715,"St John's Primary School, Moy",Primary,SW1,Sharon Mulligan
5032717,"St Patrick's Primary School, Mullinahoe",Primary,SW2,Jane Sidor
5032729,"St John's Primary School, Kingisland",Primary,SW2,Jane Sidor
5032734,"St Mary's Primary School, Cabra",Primary,SW1,Sharon Mulligan
5032735,"St Mary's Primary School, Ballygawley",Primary,SW1,Sharon Mulligan
5032736,"St Mary's Primary School, Fivemiletown",Primary,SW6,Deirdre Robson
5033003,"St Paul's Primary School, Cabra",Primary,BSE8,Madeline Mason
5033004,"St Mary's Primary School, Rathfriland",Primary,SW8,Mairead Leonard
5033006,"St Michael's Primary School, Finnis",Primary,BSE8,Madeline Mason
5033011,"St Mary's Primary School, Dechomet",Primary,BSE8,Madeline Mason
5033025,"St Patrick's Primary School, Ballymaghery",Primary,BSE8,Madeline Mason
5033324,"St Patrick's Primary School, Derrynaseer",Primary,SW4,Karen Gray
5036000,"St Colman's Primary School, Dromore",Primary,SW4,Karen Gray
5036006,"St Mary's Primary School, Derrymore",Primary,SW4,Karen Gray
5036009,"St Mary's Primary School, Derrytrasna",Primary,SW4,Karen Gray
5036031,"St Patrick's Primary School, Loup",Primary,SW6,Deirdre Robson
5036033,"St Joseph's Primary School, Galbally",Primary,SW6,Deirdre Robson
5036043,"St Mary's Primary School, Banbridge",Primary,SW8,Mairead Leonard
5036047,"St Patrick's Primary School, Annaghmore",Primary,SW2,Jane Sidor
5036057,"St Malachy's Primary School, Drumullan",Primary,SW2,Jane Sidor
5036061,"St Colman's Primary School, Annaclone",Primary,SW6,Deirdre Robson
5036064,"St Malachy's Primary School, C'croppan",Primary,BSE9,Catherine Thompson
5036087,"St Mary's Primary School, Mullaghbawn",Primary,BSE9,Catherine Thompson
5036099,"St Patrick's Primary School, Cullyhanna",Primary,BSE9,Catherine Thompson
5036101,St Brendan's Primary School,Primary,SW4,Karen Gray
5036108,"St Joseph's Primary School, Killeenan",Primary,SW6,Deirdre Robson
5036110,"St Joseph's Primary School, Bessbrook",Primary,BSE9,Catherine Thompson
5036118,"St Mary's Primary School, Pomeroy",Primary,SW2,Jane Sidor
5036120,"St Patrick's Primary School, Moneymore",Primary,SW2,Jane Sidor
5036121,St Jarlath's Primary School,Primary,SW1,Sharon Mulligan
5036122,Jonesborough Primary School,Primary,BSE9,Catherine Thompson
5036130,St Laurence O'Toole's Primary School,Primary,BSE9,Catherine Thompson
5036136,"Sacred Heart Primary School, Rock",Primary,SW2,Jane Sidor
5036173,"St John the Baptist Primary School, Portadown",Primary,SW4,Karen Gray
5036180,"St Oliver Plunkett's Primary School, Ballyhegan",Primary,SW2,Jane Sidor
5036363,"St Mary's Primary School, Aughnacloy",Primary,SW1,Sharon Mulligan
5036400,"St Colman's Primary School, Bann",Primary,SW4,Karen Gray
5036409,"St Ronan's Primary School, Newry",Primary,BSE9,Catherine Thompson
5036433,"St Malachy's Primary School, Carnagat",Primary,BSE8,Madeline Mason
5036457,"St Francis' Primary School, Aghaderg",Primary,SW6,Deirdre Robson
5036463,"St Joseph's Primary School, Caledon",Primary,SW1,Sharon Mulligan
5036504,"St Patrick's Primary School, Dungannon",Primary,SW1,Sharon Mulligan
5036545,"St Colmans' Primary School, Kilkeel",Primary,BSE8,Madeline Mason
5036567,"Holy Trinity Primary School, Cookstown",Primary,SW2,Jane Sidor
5036572,"St Colman's Primary School, Saval",Primary,BSE8,Madeline Mason
5036583,"St Dallan's Primary School, Warrenpoint",Primary,BSE8,Madeline Mason
5036586,Presentation Primary School,Primary,SW4,Karen Gray
5036590,Primate Dixon Primary School,Primary,SW2,Jane Sidor
5036595,"St Peter's Primary School, Collegelands",Primary,SW1,Sharon Mulligan
5036598,"Our Lady's Primary School, Tullysaran",Primary,SW1,Sharon Mulligan
5036605,"St Patrick's Primary School, Drumgreenagh",Primary,BSE8,Madeline Mason
5036610,St Francis' of  Assisi Primary School,Primary,SW8,Mairead Leonard
5036622,"St John's Primary School, Middletown (SF)*",Primary,SW8,Seán Fearon
5036633,"St Francis' Primary School, Lurgan",Primary,SW4,Karen Gray
5036634,"St Clare's Abbey Primary School, Newry",Primary,BSE8,Madeline Mason
5036639,Our Lady's and St Mochua's Primary School,Primary,SW8,Mairead Leonard
5036673,St Bronagh's Primary School,Primary,BSE9,Catherine Thompson
5036675,St Joseph's and St James' Primary School,Primary,SW6,Deirdre Robson
5036706,"St Columban's Primary School, Kilkeel",Primary,BSE9,Catherine Thompson
5046137,Seagoe Primary School,Primary,SW4,Karen Gray
5046597,Bunscoil an Iuir,Primary,BSE8,Madeline Mason
5046637,Gaelscoil Uí Neill,Primary,SW2,Jane Sidor
5046692,Gaelscoil Na mBeann,Primary,BSE8,Madeline Mason
5046695,Gaelscoil Aodha Rua,Primary,SW1,Sharon Mulligan
5046699,Gaelscoil Eoghain,Primary,SW2,Jane Sidor
5056013,Kilbroney Integrated Primary School,Primary,BSE9,Catherine Thompson
5066540,Bridge Integrated Primary School,Primary,SW8,Mairead Leonard
5066553,Portadown Integrated Primary School,Primary,SW4,Karen Gray
5066554,Windmill Integrated Primary School,Primary,SW1,Sharon Mulligan
5066578,Saints & Scholars Int Primary School,Primary,SW1,Sharon Mulligan
5066657,Phoenix Integrated Primary School,Primary,SW2,Jane Sidor
5110017,Railway Street Nursery School,Nursery,SW1,Susan Haughey
5110021,"Edenderry Nursery School, Portadown",Nursery,SW4,Pamela McCrum
5116112,"Ashgrove Nursery, Newry",Nursery,BSE8,Deirdre Nic Suibhne
5116189,Millington Nursery School,Nursery,SW4,Pamela McCrum
5116190,Harrison Nursery School,Nursery,SW4,Pamela McCrum
5116197,Kilkeel Nursery School,Nursery,BSE8,Deirdre Nic Suibhne
5116223,The Grove Nursery School,Nursery,SW1,Susan Haughey
5116236,Dungannon Nursery School,Nursery,SW8,Aisling Clerkin
5116237,Cookstown Nursery School,Nursery,SW2,Susan Haughey
5116238,Banbridge Nursery School,Nursery,SW8,Aisling Clerkin
5156256,Downshire Integrated Nursery School,Nursery,SW8,Aisling Clerkin
5116625,Dromore Nursery School,Nursery,SW4,Pamela McCrum
5116640,Tandragee Nursery School,Nursery,SW8,Aisling Clerkin
5136217,St John the Baptist Nursery,Nursery,SW4,Pamela McCrum
5136342,St Malachy's Nursery School,Nursery,BSE8,Deirdre Nic Suibhne
5136607,College Farm Nursery School,Nursery,SW1,Susan Haughey
5136627,Little Flower Nursery School,Nursery,SW2,Susan Haughey
5136629,Seaview Nursery School Warrenpoint,Nursery,BSE8,Deirdre Nic Suibhne
5136631,Drumnamoe Nursery School,Nursery,SW8,Aisling Clerkin
5210016,Kilkeel High School,Post-primary,BSE9,Catherine Thompson
5210025,Newtownhamilton High School,Post-primary,BSE9,Catherine Thompson
5210043,Clounagh Junior High School,Post-primary,SW4,Karen Gray
5210047,Banbridge High School,Post-primary,SW6,Deirdre Robson
5210054,Killicomaine Junior High School,Post-primary,SW4,Karen Gray
5210064,Dromore High School,Post-primary,SW4,Karen Gray
5210083,Markethill High School,Post-primary,SW6,Deirdre Robson
5210097,Fivemiletown College,Post-primary,SW1,Sharon Mulligan
5210121,City Armagh High School,Post-primary,SW1,Sharon Mulligan
5210127,Rathfriland High School,Post-primary,SW6,Deirdre Robson
5210143,Tandragee Junior High School,Post-primary,SW4,Karen Gray
5210153,Aughnacloy College,Post-primary,SW1,Sharon Mulligan
5210186,Newry High School,Post-primary,BSE8,Madeline Mason
5210230,Cookstown High School,Post-primary,SW2,Jane Sidor
5210231,Drumglass High School,Post-primary,SW2,Jane Sidor
5210271,Lurgan Junior High,Post-primary,SW4,Karen Gray
5210282,Craigavon Senior High School,Post-primary,SW4,Karen Gray
5230056,"St Joseph's Boys' High School, Newry",Post-primary,BSE8,Madeline Mason
5230076,"St Patrick's College, Banbridge",Post-primary,SW6,Deirdre Robson
5230108,"St Mary's High School, Newry",Post-primary,BSE8,Madeline Mason
5230135,St Mark's High School,Post-primary,BSE8,Madeline Mason
5230152,St Ciaran's High School,Post-primary,SW1,Sharon Mulligan
5230157,"St Paul's High School, Bessbrook",Post-primary,BSE9,Catherine Thompson
5230167,"St Joseph's High School, Crossmaglen",Post-primary,BSE9,Catherine Thompson
5230187,"St Patrick's High School, Keady",Post-primary,SW6,Deirdre Robson
5230192,"St Joseph's College, Coalisland",Post-primary,SW2,Jane Sidor
5230213,Lismore Comprehensive School,Post-primary,SW4,Karen Gray
5230218,St Catherine's College,Post-primary,SW1,Sharon Mulligan
5230278,Holy Trinity College,Post-primary,SW2,Jane Sidor
5230293,"St Patrick's College, Dungannon",Post-primary,SW2,Jane Sidor
5230321,St John the Baptist College,Post-primary,SW4,Karen Gray
5250216,Craigavon Integrated College,Post-primary,SW4,Karen Gray
5260285,New-Bridge Integrated College,Post-primary,SW6,Deirdre Robson
5260286,Integrated College Dungannon,Post-primary,SW2,Jane Sidor
5316519,Rathore School,Special,BSE8,Madeline Mason
5316520,Donard Special School,Special,SW6,Deirdre Robson
5316521,Ceara Special School,Special,SW4,Karen Gray
5316523,Sperrinview Special School,Special,SW2,Jane Sidor
5316577,Lisanally Special School,Special,SW1,Sharon Mulligan
5410013,Banbridge Academy,Post-primary,SW6,Deirdre Robson
5410057,Lurgan College,Post-primary,SW4,Karen Gray
5410067,Portadown College,Post-primary,SW4,Karen Gray
5420045,"St Louis Grammar School, Kilkeel",Post-primary,BSE9,Catherine Thompson
5420059,Abbey Christian Brothers Grammar School,Post-primary,BSE8,Madeline Mason
5420060,Our Lady's Grammar School,Post-primary,BSE8,Madeline Mason
5420062,"St Colman's College, Newry",Post-primary,BSE8,Madeline Mason
5420073,"St Joseph's Convent Grammar School, Donaghmore",Post-primary,SW2,Jane Sidor
5420076,"Sacred Heart Grammar School, Newry",Post-primary,BSE8,Madeline Mason
5420260,"The Royal School, Dungannon",Post-primary,SW1,Sharon Mulligan
5420263,"The Royal School, Armagh",Post-primary,SW1,Sharon Mulligan
5420268,"St Patrick’s Grammar School, Armagh",Post-primary,SW1,Sharon Mulligan
5420304,"St Patrick's Academy, Dungannon",Post-primary,SW2,Jane Sidor
5420314,"St Ronan's College, Lurgan",Post-primary,SW6,Deirdre Robson
5620263,Royal School Armagh Prep,Prep,SW1,Sharon Mulligan
N/A,Castlereagh EOTAS,EOTAS,BSE1,Cathy Buhac
N/A,Castlereagh Support Unit EOTAS,EOTAS,BSE1,Cathy Buhac
N/A,Groomsport EOTAS,EOTAS,BSE6,Cheryl Stafford
N/A,Redburn EOTAS,EOTAS,BSE6,Cheryl Stafford
N/A,Woodlands Juvenile Justice Centre,EOTAS,BSE6,Cheryl Stafford
N/A,Fir Trees EOTAS,EOTAS,N4,Fionnuala McCann
N/A,Strabane EOTAS,EOTAS,N4,Fionnuala McCann
N/A,Newtownabbey EOTAS,EOTAS,N4,Fionnuala McCann
N/A,Downpatrick EOTAS,EOTAS,BSE7,Fionnuala McCann
N/A,Sunflower EOTAS,EOTAS,N3,Gearoid Rafferty
N/A,Tamnamore EOTAS,EOTAS,SW2,Jane Sidor
N/A,EDIT EOTAS,EOTAS,N6,Jim McNulty
N/A,Long Tower EOTAS,EOTAS,N6,Jim McNulty
N/A,Maydown EOTAS,EOTAS,N6,Jim McNulty
N/A,Thornberry EOTAS,EOTAS,N1,John McCusker
N/A,Rathmore EOTAS,EOTAS,N1,John McCusker
N/A,Sunlea EOTAS,EOTAS,N1,John McCusker
N/A,Carrig Leap EOTAS,EOTAS,N7,John Murray
N/A,Treetops EOTAS,EOTAS,N7,John Murray
N/A,Loughshore EOTAS,EOTAS,BSE3,Julie Harris
N/A,Pathways EOTAS,EOTAS,BSE3,Julie Harris
N/A,"Lough Road EOTAS, Lurgan",EOTAS,SW4,Karen Gray
N/A,Omagh EOTAS,EOTAS,SW7,Karen McLaughlin
N/A,Newry EOTAS,EOTAS,BSE8,Madeline Mason
N/A,Loughan EOTAS,EOTAS,N2,Mark Keown
N/A,Drumard EOTAS,EOTAS,SW3,Peter Dennis
N/A,Shanmullagh EOTAS (Ballinamallard),EOTAS,SW5,Seán Fearon
N/A,Kinnego EOTAS,EOTAS,SW1,Sharon Mulligan
N/A,Little Oaks EOTAS,EOTAS,N6,Susan Haughey
N/A,Lagan Valley Project EOTAS,EOTAS,BSE4,Susan O'Boyle
N/A,Lagan Valley Project EOTAS,EOTAS,BSE4,Susan O'Boyle
N/A,"Beechcroft Education Unit and Iveagh Assessment Centre  (ETA, in-p)",EOTAS,BSE2,Wendy Crawford
N/A,Newstart Education Centre,EOTAS,BSE2,Wendy Crawford
N/A,The Link Centre EOTAS,EOTAS,BSE2,Wendy Crawford
N/A,Belfast Metropolitan College,Further Education,N/A,Jim McNulty
N/A,Northern Regional College                                                     ,Further Education,N/A,Margaret Duddy/Shirley Jones
N/A,Southern Regional College,Further Education,N/A,Jim McNulty
N/A,South West College,Further Education,N/A,Karen McLaughlin
N/A,North West Regional College,Further Education,N/A,Gareth Rooney
N/A,South Eastern Regional College,Further Education,N/A,Sinéad McKenna/Sharon Mulligan
N/A,Coalisland Training Services Ltd,Work-Based Learning,N/A,Margaret  Duddy
N/A,Loughview Training Services Ltd,Work-Based Learning,N/A,Margaret  Duddy
N/A,SkillEd ni,Work-Based Learning,N/A,Margaret  Duddy
N/A,Workforce Training Services,Work-Based Learning,N/A,Margaret  Duddy
N/A,Academy Hair and Beauty Training School,Work-Based Learning,N/A,Gareth Rooney
N/A,College of Argiculture Food & Rural Enterprise (Cafre),Work-Based Learning,N/A,Gareth Rooney
N/A,Clanrye Group,Work-Based Learning,N/A,Gareth Rooney
N/A,Global Horizons Skills,Work-Based Learning,N/A,Gareth Rooney
N/A,Inspiro Learning Limited,Work-Based Learning,N/A,Gareth Rooney
N/A,Network Personnel ,Work-Based Learning,N/A,Gareth Rooney
N/A,NIE Networks ,Work-Based Learning,N/A,Gareth Rooney
N/A,Riverpark Training & Development (NI) Ltd,Work-Based Learning,N/A,Gareth Rooney
N/A,Rutledge Recruitment & Training Ltd ,Work-Based Learning,N/A,Gareth Rooney
N/A,Ulster Supported Employment Ltd,Work-Based Learning,N/A,Gareth Rooney
N/A,BCW Training Ltd,Work-Based Learning,N/A,Jim McNulty
N/A,Craft Training,Work-Based Learning,N/A,Jim McNulty
N/A,Derry Youth & Community Workshop ,Work-Based Learning,N/A,Jim McNulty
N/A,Impact Training (NI) Limited,Work-Based Learning,N/A,Jim McNulty
N/A,People 1st ,Work-Based Learning,N/A,Jim McNulty
N/A,21 Training Ltd ,Work-Based Learning,N/A,Jim McNulty
N/A,Transport Training Services NI,Work-Based Learning,N/A,Jim McNulty
N/A,Bryson Energy,Work-Based Learning,N/A,Shirley Jones
N/A,Springboard Opportunities Ltd,Work-Based Learning,N/A,Shirley Jones
N/A,Springvale Learning Ltd,Work-Based Learning,N/A,Shirley Jones
N/A,Springvale Learning Ltd,Work-Based Learning,N/A,Shirley Jones
N/A,Steer Training Academy Ltd,Work-Based Learning,N/A,Shirley Jones
